{"cameraMode":{"drawMode":0,"name":"Shaded","section":"Shading Mode"},"sceneLighting":true,"audioPlay":false,"sceneViewState":{"showFog":true,"showMaterialUpdate":false,"showSkybox":true,"showFlares":true,"showImageEffects":true,"showParticleSystems":true},"in2DMode":false,"pivot":{"x":-13.766193389892579,"y":4.971567153930664,"z":17.614429473876954},"rotation":{"x":-0.09676484763622284,"y":-0.33999669551849368,"z":0.021153099834918977,"w":0.9372090101242065},"size":23.542457580566408,"orthographic":false}